<?xml version="1.0" encoding="UTF-8" ?>
<dds xmlns="http://www.eprosima.com">
    <profiles>
        <subscriber profile_name="Subscriber1" is_default_profile="true">
            <entity_factory>
                <autoenable_created_entities>true</autoenable_created_entities>
            </entity_factory>
            
            <topic>
                <name>test_data</name>
                <historyQos>
                    <kind>KEEP_LAST</kind>
                    <depth>1</depth>
                </historyQos>
                
                <topicData>
                    <value>5.3.1.0</value>
                </topicData>
                
                <resourceLimitsQos>
                    <max_samples>2147483647</max_samples>
                    <max_instances>2147483647</max_instances>
                    <max_samples_per_instance>2147483647 </max_samples_per_instance>
                </resourceLimitsQos>  
            </topic>

            <qos>
                <partition>
                    <names>
                        <name></name>
                    </names>
                </partition>
                
                <userData>
                    <value></value>
                </userData>
                
                <groupData>
                    <value></value>
                </groupData>
                
                <durability>
                    <kind>VOLATILE</kind>
                </durability>
                
                <liveliness>
                    <kind>AUTOMATIC</kind>
                    <lease_duration>
                        <sec>DURATION_INFINITY</sec>
                    </lease_duration>
                    <announcement_period>
                        <sec>DURATION_INFINITY</sec>
                    </announcement_period>
                </liveliness>

                <reliability>
                    <kind>RELIABLE</kind>
                    <max_blocking_time>
                        <sec>0</sec>
                    </max_blocking_time>
                </reliability>
                
                <deadline>
                    <period>
                        <sec>0</sec>
                        <nanosec>0</nanosec>
                    </period>
                </deadline>
                
                <ownership>
                    <kind>SHARED</kind>
                </ownership>
                
                <ownershipStrength>
                    <value>10</value>
                </ownershipStrength>
                
                <destinationOrder>
                    <kind>BY_RECEPTION_TIMESTAMP</kind>
                </destinationOrder>
                
                <lifespan>
                    <duration>
                        <sec>0</sec>
                        <nanosec>0</nanosec>
                    </duration>
                </lifespan>
                
                <readerDataLifecycle>
                    <autopurge_no_writer_samples_delay>
                        <sec>0</sec>
                    </autopurge_no_writer_samples_delay>
                    <autopurge_disposed_samples_delay>
                        <sec>0</sec>
                    </autopurge_disposed_samples_delay>
                </readerDataLifecycle>
            </qos>  

        </subscriber>
    </profiles>
</dds>
